Titulo,Nombre del Canal,Subcriptores,Vistas Totales,Numero de Comentarios,Direccion,Ratio
30分鐘獲利5萬元，黃金短線交易｜實戰交易復盤,Eli 伊萊,20300,22437,60,https://www.youtube.com/watch?v=7eBg10L-Krc,154101055500.0
黄金时间最佳入场 【3分钟精通】,JAVIUS LIM,618,7792,2,https://www.youtube.com/watch?v=xMGHnUjYrX8,1487975904.0
这套5分钟级别交易策略，据频道主说可以达到99%胜率，投大带你体验一下#交易系统 #交易策略测试 #指标,投机实验室,98900,79673,117,https://www.youtube.com/watch?v=sdH4MpNhHEM,6660669609658.12
【重塑交易！必看！】28 岁的Umar在交易中赚了1500万美元，他公开了超短线交易的秘诀和经常使他盈利的交易策略，值得所有交易员写在本子上，这是日内交易的真相#daytrading #umar,投机实验室,98900,91448,70,https://www.youtube.com/watch?v=Z7BRl3W_DHc,12778172744000.0
测评不可思议的交易策略，本套交易方法已经被见证70万次，被我连续交易回测100次#交易策略#交易系统#交易策略回测,投机实验室,98900,209815,282,https://www.youtube.com/watch?v=QZT81Kllvag,7277463035992.908
外汇交易10年来，这是我用过胜率最高的外汇超短线战法！,阿萨外汇社区,13500,17829,56,https://www.youtube.com/watch?v=q0yOIhlQLFM,58023843750.0
实盘思路分享---黄金XAUUSD 1MIN入场8R,TraderMax Liu丨分形交易,8400,1834,28,https://www.youtube.com/watch?v=Civpa9JQuE8,4621680000.0
交易黄金有方法｜xauusd交易课程｜gold 短线交易策略 （11 MAC 2022）,PAM 外汇 FX Trader,2680,196,1,https://www.youtube.com/watch?v=6z7wRu5U62U,1407750399.9999998
【短线交易Trading】让我赚到人生第一桶金的 Short Term 短线交易 秘籍! 短线交易 的Trading秘密!【TheTradveller作手過客】,Anson Tan [The Tradveller 作手过客],116000,229396,859,https://www.youtube.com/watch?v=bL62aLSr71U,3593425583236.322
交易黄金有方法｜xauusd交易课程｜gold 短线交易策略 （13 MAY 2022）,PAM 外汇 FX Trader,2680,151,0,https://www.youtube.com/watch?v=nsOOobnXPU8,inf
【推荐必看】国外最火的交易指标，从此告别MACD，配合最强成交量阻力指标100%让你兴奋，一定试试这个指标 #交易策略 #impulse macd #成交量,投机实验室,98900,75132,102,https://www.youtube.com/watch?v=pI1D2lpJCOk,7204724212941.177
交易黄金有方法｜xauusd交易课程｜gold 短线交易策略 （01 APR 2022）,PAM 外汇 FX Trader,2680,545,3,https://www.youtube.com/watch?v=aAXUHz5cXGs,1304802666.6666665
交易黄金有方法｜xauusd交易课程｜gold 短线交易策略 （03 JUNE 2022）,PAM 外汇 FX Trader,2680,190,1,https://www.youtube.com/watch?v=S2vaHktoQ_k,1364656000.0
交易黄金有方法｜xauusd交易课程｜gold 短线交易策略 （11 AUG 2022）,PAM 外汇 FX Trader,2680,1218,3,https://www.youtube.com/watch?v=3BEiXPcPpd4,2916054400.0
交易黄金有方法｜xauusd交易课程｜gold 短线交易策略 （27 MAY 2022）,PAM 外汇 FX Trader,2680,606,6,https://www.youtube.com/watch?v=dg2IpqHl_sw,725422400.0
交易黄金有方法｜xauusd交易课程｜gold 短线交易策略 （28 MAC 2022）,PAM 外汇 FX Trader,2680,185,1,https://www.youtube.com/watch?v=e1nXljf_VTM,1328743999.9999998
XAUUSD 黃金外匯信號分析 #黃金 #投資,Alice講股票,4990,1536,1,https://www.youtube.com/watch?v=L1BiISxK2eg,38246553600.0
XAUUSD 黃金兌美元 外匯交易分析&amp;預測,Alice講股票,4990,994,0,https://www.youtube.com/watch?v=iQrx5uhzGdw,inf
外汇新手向：如何选择交易时间段,TraderMax Liu丨分形交易,8400,2046,5,https://www.youtube.com/watch?v=DYZEzm5SB5Q,28873152000.0
简单的黄金操作 #trading #炒外汇 #forex #交易 #xauusd #黄金交易 #the5ers,Louis Trading,226,146,0,https://www.youtube.com/watch?v=f1afsCB0YKM,inf
指標投資策略分享 : 黃金XAUUSD 投資指標分享｜投資指標策略入門｜XAUUSD｜投資大師兄,投資大師兄 - 分享投資市場資訊 ,979,581,3,https://www.youtube.com/watch?v=hfcGfFJvJt8,185618073.6666667
黄金 (XAUUSD) 行情分析：下周如何操作？？,Xtrend财经-交易不发愁,380,448,0,https://www.youtube.com/watch?v=dRO4dJ7tgZI,inf
交易分析：XAUUSD #股票和外汇 #金融知识 #金融小白 #外汇新手 #外汇入门 #交易者 #外汇交易赚钱 #交易者赚钱 #交易赚钱,外汇技术分析,1680,2607,0,https://www.youtube.com/watch?v=MoeQO2dK9fA,inf
外汇分析｜黃金交易策略｜XAUUSD持續盈利的秘訣,Trader Club,6760,245,0,https://www.youtube.com/watch?v=Nsq_Ftc1Nmg,inf
交易分析：XAUUSD D1 #股票和外汇 #金融知识 #金融小白 #外汇新手 #外汇入门 #交易者 #外汇交易赚钱 #交易者赚钱,外汇技术分析,1680,299,0,https://www.youtube.com/watch?v=JQjoMhM1IMo,inf
外汇交易直播 - 黄金外汇信号 - XAUUSD 外汇交易,YCHpro--中文频道,20800,58,1,https://www.youtube.com/watch?v=vIOQcsd7Vz0,25093120000.000004
黄金交易，XAUUSD,HDD,3,57,0,https://www.youtube.com/watch?v=6wLuNr8ZcDM,inf
XAUUSD 交易分析 #投资 #理财 #美股 #股票 #赚钱 #财富自由 #外汇 #虚拟货币 #btc,外汇技术分析,1680,321,0,https://www.youtube.com/watch?v=R72U5F-uULo,inf
交易黄金有方法｜xauusd交易课程｜gold 短线交易策略 （03 MAY 2022）,PAM 外汇 FX Trader,2680,128,1,https://www.youtube.com/watch?v=7ofx3BdbPQo,919347200.0
10 4 K神线上黄金多单 #forexsignals #forextrader #xauusd,YCHpro--中文频道,20800,2227,0,https://www.youtube.com/watch?v=KDBYyv-HdWU,inf
交易分析：XAUUSD #外汇 #外汇交易 #外汇分析 #外汇教学 #外汇技术 #外汇交易平台  #外汇平台 #外汇投资 #炒外汇 #外汇黄金 #黄金 #原油 #黄金原油,外汇技术分析,1680,833,0,https://www.youtube.com/watch?v=x0tuyhl-9dM,inf
从亏损到盈利 #trading #炒外汇 #forex #外汇交易 #黄金交易 #xauusd #交易 #亏损到盈利,Louis Trading,226,65,0,https://www.youtube.com/watch?v=siGr__ry6yo,inf
Hi Traders 黄金顺利在睡前 TP #技术分析 #xauusd,PAM 外汇 FX Trader,2680,273,1,https://www.youtube.com/watch?v=YMNK1TCeD1o,1960795200.0
交易黄金有方法｜xauusd交易课程｜gold 短线交易策略 （12 SEP 2022）,Copy Trader,148,20,1,https://www.youtube.com/watch?v=dIVjr1zfaf4,438080.0
外汇交易直播 - 黄金外汇信号 - XAUUSD 外汇交易,YCHpro--中文频道,20800,21,0,https://www.youtube.com/watch?v=_Ib3QG6KUmQ,inf
交易黄金有方法｜xauusd交易课程｜gold 短线交易策略 （31 MAC 2022）,PAM 外汇 FX Trader,2680,130,1,https://www.youtube.com/watch?v=5OVSYZUg_ek,933712000.0
今日XAUUSD(黄金）走势分析：黄金底部出现？？如何抓住交易机会？？,Xtrend财经-交易不发愁,380,330,0,https://www.youtube.com/watch?v=Ud67upaz5FY,inf
交易黄金有方法｜xauusd交易课程｜gold 短线交易策略 （31 MAY 2022）,PAM 外汇 FX Trader,2680,109,1,https://www.youtube.com/watch?v=Ye5HfXBFZOg,782881600.0000001
Smart Money Concept | XAU/USD 🤔🥵 #2023 #ytshorts #shorts #forex,IMMORTAL ENIGMA,9730,1103,5,https://www.youtube.com/watch?v=ZLEnHsNGyyM,20884841740.0
交易黄金有方法｜xauusd交易课程｜gold 短线交易策略 （28 APR 2022）,PAM 外汇 FX Trader,2680,96,11,https://www.youtube.com/watch?v=PYt6kJLPy3c,62682763.636363626
外汇交易直播 - 黄金外汇信号 - XAUUSD 外汇交易,YCHpro--中文频道,20800,22,0,https://www.youtube.com/watch?v=2d7EaWaTopg,inf
交易黄金有方法｜xauusd交易课程｜gold 短线交易策略 （01 AUG 2022）,PAM 外汇 FX Trader,2680,158,4,https://www.youtube.com/watch?v=zu7EHGArDhc,283704800.00000006
外汇交易直播 - 黄金外汇信号 - XAUUSD 外汇交易,YCHpro--中文频道,20800,4,0,https://www.youtube.com/watch?v=PPGlDcfmzOU,inf
交易黄金有方法｜xauusd交易课程｜gold 短线交易策略 （25 JUL 2022）,PAM 外汇 FX Trader,2680,115,1,https://www.youtube.com/watch?v=BYJ3SMMUu3w,825976000.0000001
交易分析：XAUUSD #外汇亏钱 #外汇交易犯错 #外汇入门 #交易者 #外汇交易赚钱 #交易者赚钱 #交易赚钱 #外汇交易分析 #生活理财 #投资交易 #赚钱 #金融交易,外汇技术分析,1680,375,0,https://www.youtube.com/watch?v=6bqCa_JgOZs,inf
外汇交易直播 - 黄金外汇信号 - XAUUSD 外汇交易,YCHpro--中文频道,20800,37,0,https://www.youtube.com/watch?v=hGeMRygPT30,inf
外汇交易直播 - 黄金外汇信号 - XAUUSD 外汇交易,YCHpro--中文频道,20800,9,0,https://www.youtube.com/watch?v=p4IQc_nGoT0,inf
交易黄金有方法｜xauusd交易课程｜gold 短线交易策略 （11 MAY 2022）,PAM 外汇 FX Trader,2680,55,1,https://www.youtube.com/watch?v=ly8OFfuVZeI,395032000.0
外汇交易直播 - 黄金外汇信号 - XAUUSD 外汇交易,YCHpro--中文频道,20800,27,0,https://www.youtube.com/watch?v=SfJYxi-pq7U,inf
