Titulo,Nombre del Canal,Subcriptores,Vistas Totales,Numero de Comentarios,Direccion,Ratio
30分鐘獲利5萬元，黃金短線交易｜實戰交易復盤,Eli 伊萊,20300,22437,60,https://www.youtube.com/watch?v=7eBg10L-Krc,154101055500.0
黄金时间最佳入场 【3分钟精通】,JAVIUS LIM,618,7792,2,https://www.youtube.com/watch?v=xMGHnUjYrX8,1487975904.0
这套5分钟级别交易策略，据频道主说可以达到99%胜率，投大带你体验一下#交易系统 #交易策略测试 #指标,投机实验室,98900,79673,117,https://www.youtube.com/watch?v=sdH4MpNhHEM,6660669609658.12
外汇交易10年来，这是我用过胜率最高的外汇超短线战法！,阿萨外汇社区,13500,17829,56,https://www.youtube.com/watch?v=q0yOIhlQLFM,58023843750.0
实盘思路分享---黄金XAUUSD 1MIN入场8R,TraderMax Liu丨分形交易,8400,1834,28,https://www.youtube.com/watch?v=Civpa9JQuE8,4621680000.0
测评不可思议的交易策略，本套交易方法已经被见证70万次，被我连续交易回测100次#交易策略#交易系统#交易策略回测,投机实验室,98900,209815,282,https://www.youtube.com/watch?v=QZT81Kllvag,7277463035992.908
【重塑交易！必看！】28 岁的Umar在交易中赚了1500万美元，他公开了超短线交易的秘诀和经常使他盈利的交易策略，值得所有交易员写在本子上，这是日内交易的真相#daytrading #umar,投机实验室,98900,91448,70,https://www.youtube.com/watch?v=Z7BRl3W_DHc,12778172744000.0
XAUUSD Scalping Strategy,The Moving Average,959000,1298447,559,https://www.youtube.com/watch?v=oDOCBTYgCQM,2136237988205724.8
指標投資策略分享 : 黃金XAUUSD 投資指標分享｜投資指標策略入門｜XAUUSD｜投資大師兄,投資大師兄 - 分享投資市場資訊 ,979,581,3,https://www.youtube.com/watch?v=hfcGfFJvJt8,185618073.6666667
交易黄金有方法｜xauusd交易课程｜gold 短线交易策略 （11 MAC 2022）,PAM 外汇 FX Trader,2680,196,1,https://www.youtube.com/watch?v=6z7wRu5U62U,1407750399.9999998
交易黄金有方法｜xauusd交易课程｜gold 短线交易策略 （01 APR 2022）,PAM 外汇 FX Trader,2680,545,3,https://www.youtube.com/watch?v=aAXUHz5cXGs,1304802666.6666665
交易黄金有方法｜xauusd交易课程｜gold 短线交易策略 （13 MAY 2022）,PAM 外汇 FX Trader,2680,151,0,https://www.youtube.com/watch?v=nsOOobnXPU8,inf
交易黄金有方法｜xauusd交易课程｜gold 短线交易策略 （11 AUG 2022）,PAM 外汇 FX Trader,2680,1218,3,https://www.youtube.com/watch?v=3BEiXPcPpd4,2916054400.0
XAUUSD 黃金兌美元 外匯交易分析&amp;預測,Alice講股票,4990,994,0,https://www.youtube.com/watch?v=iQrx5uhzGdw,inf
XAUUSD 黃金外匯信號分析 #黃金 #投資,Alice講股票,4990,1536,1,https://www.youtube.com/watch?v=L1BiISxK2eg,38246553600.0
外汇交易直播 - 黄金外汇信号 - XAUUSD 外汇交易,YCHpro--中文频道,20800,60,0,https://www.youtube.com/watch?v=8ga4gfJx5LU,inf
交易黄金有方法｜xauusd交易课程｜gold 短线交易策略 （27 MAY 2022）,PAM 外汇 FX Trader,2680,606,6,https://www.youtube.com/watch?v=dg2IpqHl_sw,725422400.0
外汇分析｜黃金交易策略｜XAUUSD持續盈利的秘訣,Trader Club,6760,245,0,https://www.youtube.com/watch?v=Nsq_Ftc1Nmg,inf
黄金 (XAUUSD) 行情分析：下周如何操作？？,Xtrend财经-交易不发愁,380,448,0,https://www.youtube.com/watch?v=dRO4dJ7tgZI,inf
外汇交易直播 - 黄金外汇信号 - XAUUSD 外汇交易,YCHpro--中文频道,20800,58,1,https://www.youtube.com/watch?v=vIOQcsd7Vz0,25093120000.000004
交易黄金有方法｜xauusd交易课程｜gold 短线交易策略 （28 MAC 2022）,PAM 外汇 FX Trader,2680,185,1,https://www.youtube.com/watch?v=e1nXljf_VTM,1328743999.9999998
简单的黄金操作 #trading #炒外汇 #forex #交易 #xauusd #黄金交易 #the5ers,Louis Trading,226,146,0,https://www.youtube.com/watch?v=f1afsCB0YKM,inf
Live XAUUSD GOLD- My Trading Strategy-11/10,FOREX & GOLD,145000,9533,0,https://www.youtube.com/watch?v=eCkiIoJwCOg,inf
交易黄金有方法｜xauusd交易课程｜gold 短线交易策略 （03 JUNE 2022）,PAM 外汇 FX Trader,2680,190,1,https://www.youtube.com/watch?v=S2vaHktoQ_k,1364656000.0
XAUUSD 交易分析 #投资 #理财 #美股 #股票 #赚钱 #财富自由 #外汇 #虚拟货币 #btc,外汇技术分析,1680,321,0,https://www.youtube.com/watch?v=R72U5F-uULo,inf
交易黄金有方法｜xauusd交易课程｜gold 短线交易策略 （12 APR 2022）,PAM 外汇 FX Trader,2680,50,1,https://www.youtube.com/watch?v=mgrmYkdh_J8,359120000.0
交易分析：XAUUSD D1 #股票和外汇 #金融知识 #金融小白 #外汇新手 #外汇入门 #交易者 #外汇交易赚钱 #交易者赚钱,外汇技术分析,1680,299,0,https://www.youtube.com/watch?v=JQjoMhM1IMo,inf
交易黄金有方法｜xauusd交易课程｜gold 短线交易策略 （03 MAY 2022）,PAM 外汇 FX Trader,2680,128,1,https://www.youtube.com/watch?v=7ofx3BdbPQo,919347200.0
交易黄金有方法｜xauusd交易课程｜gold 短线交易策略 （25 JUL 2022）,PAM 外汇 FX Trader,2680,115,1,https://www.youtube.com/watch?v=BYJ3SMMUu3w,825976000.0000001
交易分析：XAUUSD #股票和外汇 #金融知识 #金融小白 #外汇新手 #外汇入门 #交易者 #外汇交易赚钱 #交易者赚钱 #交易赚钱,外汇技术分析,1680,2607,0,https://www.youtube.com/watch?v=MoeQO2dK9fA,inf
黄金交易，XAUUSD,HDD,3,57,0,https://www.youtube.com/watch?v=6wLuNr8ZcDM,inf
外汇交易直播 - 黄金外汇信号 - XAUUSD 外汇交易,YCHpro--中文频道,20800,87,1,https://www.youtube.com/watch?v=V8p5eUZ3G5s,37639680000.00001
投稿评论行动黄金价格,小海-区块链,128,68,0,https://www.youtube.com/watch?v=oZCC1MftrDs,inf
10 4 K神线上黄金多单 #forexsignals #forextrader #xauusd,YCHpro--中文频道,20800,2227,0,https://www.youtube.com/watch?v=KDBYyv-HdWU,inf
今日XAUUSD(黄金）走势分析：黄金底部出现？？如何抓住交易机会？？,Xtrend财经-交易不发愁,380,330,0,https://www.youtube.com/watch?v=Ud67upaz5FY,inf
交易黄金有方法｜xauusd交易课程｜gold 短线交易策略 （31 MAC 2022）,PAM 外汇 FX Trader,2680,130,1,https://www.youtube.com/watch?v=5OVSYZUg_ek,933712000.0
抄底信号识别讲解#短线交易秘诀 #比特币 #外汇投资 #xauusd,爱死磕教育课堂,158,203,0,https://www.youtube.com/watch?v=XFiXYROnzSA,inf
XAUUSD TRADING SETUP,VISION FX,4070,318,0,https://www.youtube.com/watch?v=EWHeHugXQRA,inf
"$96 to $1,000 IN JUST ONE DAY TRADING XAUUSD!!!(GOLD)Part 2",JeffTheProfit,1540,8319,42,https://www.youtube.com/watch?v=nHhbrWKzh5c,469746200.0
外汇交易直播 - 黄金外汇信号 - XAUUSD 外汇交易,YCHpro--中文频道,20800,39,0,https://www.youtube.com/watch?v=DXksj0BVKQ0,inf
10 3 K神线下黄金多单TP #forexsignals #forextrader #xauusd,YCHpro--中文频道,20800,2425,0,https://www.youtube.com/watch?v=pHcFZLdXdvs,inf
LQH策略Buy#LQH战队#零昊LQH#LQH交易圈#LinHaoLQH#零昊LQH交易圈#LQH交易员#LQH戰隊#零昊交易員#外匯黃金#XAUUSD#林拾亿,投機老Win,9,505,0,https://www.youtube.com/watch?v=86nJ2N0pUVw,inf
Smart Money Concept | XAU/USD 🤔🥵 #2023 #ytshorts #shorts #forex,IMMORTAL ENIGMA,9730,1103,5,https://www.youtube.com/watch?v=ZLEnHsNGyyM,20884841740.0
交易黄金有方法｜xauusd交易课程｜gold 短线交易策略 （31 MAY 2022）,PAM 外汇 FX Trader,2680,109,1,https://www.youtube.com/watch?v=Ye5HfXBFZOg,782881600.0000001
外汇交易技术分析-黄金兑美元XAUUSD 炒外汇黄金新手入门视频课程支撑与压力操作策略,外汇投资技术教学,149,729,5,https://www.youtube.com/watch?v=HNsBsTsXt5U,3236905.8000000003
交易黄金有方法｜xauusd交易课程｜gold 短线交易策略 （04 APR 2022）,PAM 外汇 FX Trader,2680,52,1,https://www.youtube.com/watch?v=bnYpsdzRmrc,373484800.00000006
交易黄金有方法｜xauusd交易课程｜gold 短线交易策略 （11 MAY 2022）,PAM 外汇 FX Trader,2680,55,1,https://www.youtube.com/watch?v=ly8OFfuVZeI,395032000.0
Gold AI 黃金智能对冲 告别传统EA模式,Mia Lain,0,5,0,https://www.youtube.com/watch?v=LjKKhDtNS_I,
交易黄金有方法｜xauusd交易课程｜gold 短线交易策略 （01 AUG 2022）,PAM 外汇 FX Trader,2680,158,4,https://www.youtube.com/watch?v=zu7EHGArDhc,283704800.00000006
交易黄金有方法｜xauusd交易课程｜gold 短线交易策略 （28 APR 2022）,PAM 外汇 FX Trader,2680,96,11,https://www.youtube.com/watch?v=PYt6kJLPy3c,62682763.636363626
